Parti,Theme_Dominant,Theme_Mentions,Sentiment_RB_Label,Sentiment_RB_Score,Sentiment_ML_Label,Sentiment_ML_Score,Difference
PAM,Emploi,23,Positif,0.21875,Neutre,0.08333333333333333,0.13541666666666669
PI,Economie,78,Positif,0.2222222222222222,Positif,0.24561403508771928,0.023391812865497075
PJD,Gouvernance,18,Positif,0.17647058823529413,Neutre,0.11764705882352941,0.05882352941176472
RNI,Social,38,Positif,0.2692307692307692,Positif,0.42105263157894735,0.15182186234817813
